name,price,link
"OnePlus Nord CE 3 Lite 5G (Chromatic Gray, 8GB RAM, 128GB Storage)","19,999",https://www.amazon.in/OnePlus-Nord-Chromatic-128GB-Storage/dp/B0BY8MCQ9S
"OnePlus Nord CE 3 Lite 5G (Pastel Lime, 8GB RAM, 128GB Storage)","19,999",https://www.amazon.in/OnePlus-Nord-Pastel-128GB-Storage/dp/B0BY8JZ22K
"Samsung Galaxy M13 (Aqua Green, 4GB, 64GB Storage) | 6000mAh Battery | Upto 8GB RAM with RAM Plus","10,999",https://www.amazon.in/Samsung-Galaxy-Storage-6000mAh-Battery/dp/B0B4F2TTTS
"OnePlus Nord CE 2 Lite 5G (Blue Tide, 6GB RAM, 128GB Storage)","18,990",https://www.amazon.in/OnePlus-Nord-Lite-128GB-Storage/dp/B09WQYFLRX
"iQOO Z7 5G by vivo (Norway Blue, 6GB RAM, 128GB Storage) | Dimensity 920 5G 6nm Processor | 64MP OIS Ultra Stable Camera | Segment's Brightest AMOLED Display | 44W FlashCharge","18,999",https://www.amazon.in/iQOO-Dimensity-Processor-Brightest-FlashCharge/dp/B07WFPMQB1
realme narzo 50i Prime (Dark Blue 4GB RAM+64GB Storage) Octa-core Processor | 5000 mAh Battery,"8,999",https://www.amazon.in/realme-Storage-Octa-core-Processor-Battery/dp/B0BBM7L888
"Samsung Galaxy M04 Light Green, 4GB RAM, 64GB Storage | Upto 8GB RAM with RAM Plus | MediaTek Helio P35 Octa-core Processor | 5000 mAh Battery | 13MP Dual Camera","7,499",https://www.amazon.in/Samsung-Storage-MediaTek-Octa-core-Processor/dp/B0BMGB2TPR
"OnePlus Nord CE 2 Lite 5G (Black Dusk, 6GB RAM, 128GB Storage)","18,999",https://www.amazon.in/OnePlus-Nord-Black-128GB-Storage/dp/B09WQY65HN
"Samsung Galaxy M04 Dark Blue, 4GB RAM, 64GB Storage | Upto 8GB RAM with RAM Plus | MediaTek Helio P35 Octa-core Processor | 5000 mAh Battery | 13MP Dual Camera","7,499",https://www.amazon.in/Samsung-Storage-MediaTek-Octa-core-Processor/dp/B0BMGB3CH9
"Redmi 11 Prime 5G (Thunder Black, 4GB RAM, 64GB Storage) | Prime Design | MTK Dimensity 700 | 50 MP Dual Cam | 5000mAh | 7 Band 5G","13,999",https://www.amazon.in/Redmi-Thunder-Storage-Dimensity-5000mAh/dp/B0BBFJLP21
"Redmi 10A (Charcoal Black, 4GB RAM, 64GB Storage) | 2 Ghz Octa Core Helio G25 | 5000 mAh Battery | Finger Print Sensor | Upto 5GB RAM with RAM Booster","8,599",https://www.amazon.in/Redmi-Charcoal-Storage-Battery-Booster/dp/B09XB8GFBQ
"Redmi A1 (Light Blue, 2GB RAM, 32GB Storage) | Segment Best AI Dual Cam | 5000mAh Battery | Leather Texture Design | Android 12","6,499",https://www.amazon.in/Redmi-Storage-Segment-5000mAh-Battery/dp/B0BBN4DZBD
"OnePlus Nord 2T 5G (Jade Fog, 8GB RAM, 128GB Storage)","28,999",https://www.amazon.in/OnePlus-Nord-Jade-128GB-Storage/dp/B0B3CPQ5PF
"Redmi 10A (Slate Grey, 4GB RAM, 64GB Storage) | 2 Ghz Octa Core Helio G25 | 5000 mAh Battery | Finger Print Sensor | Upto 5GB RAM with RAM Booster","8,599",https://www.amazon.in/Redmi-Storage-Battery-Finger-Booster/dp/B09XB7SRQ5
"OnePlus 11R 5G (Galactic Silver, 8GB RAM, 128GB Storage)","39,998",https://www.amazon.in/OnePlus-Galactic-Silver-128GB-Storage/dp/B0BSNQ2KXF
"Nokia 105 Single SIM, Keypad Mobile Phone with Wireless FM Radio | Charcoal","1,299",https://www.amazon.in/Nokia-105-Single-Wireless-Charcoal/dp/B0BV28HYD7
"Redmi 12C (Royal Blue, 4GB RAM, 64GB Storage)","9,499",https://www.amazon.in/Redmi-Royal-Blue-64GB-Storage/dp/B0BYN48MQW
"Redmi 10 Power (Power Black, 8GB RAM, 128GB Storage)","12,499",https://www.amazon.in/Redmi-Power-Black-128GB-Storage/dp/B09Y64H8VS
realme narzo 50i Prime (Mint Green 3GB RAM+32GB Storage) Octa-core Processor | 5000 mAh Battery,,https://www.amazon.in/realme-Storage-Octa-core-Processor-Battery/dp/B0BBMBL64D
"Redmi A1 (Black, 2GB RAM, 32GB Storage) | Segment Best AI Dual Cam | 5000mAh Battery | Leather Texture Design | Android 12","6,499",https://www.amazon.in/Redmi-Storage-Segment-5000mAh-Battery/dp/B0BBN56J5H
"OnePlus 11R 5G (Galactic Silver, 16GB RAM, 256GB Storage)","44,998",https://www.amazon.in/OnePlus-Galactic-Silver-256GB-Storage/dp/B0BSNNYHY5
realme narzo 50i Prime (Dark Blue 3 GB RAM +32 GB Storage) Octa-core Processor | 5000 mAh Battery,"7,999",https://www.amazon.in/realme-Storage-Octa-core-Processor-Battery/dp/B0BBMGZ5T4
"Redmi 12C (Matte Black, 4GB RAM, 64GB Storage)","9,499",https://www.amazon.in/Redmi-Matte-Black-64GB-Storage/dp/B0BYN4D512
"Oppo A78 5G (Glowing Blue, 8GB RAM, 128 Storage) | 5000 mAh Battery with 33W SUPERVOOC Charger| 50MP AI Camera | 90Hz Refresh Rate | with No Cost EMI/Additional Exchange Offers","18,999",https://www.amazon.in/Oppo-Glowing-SUPERVOOC-Additional-Exchange/dp/B082F2T5PQ
"Samsung Galaxy M33 5G (Mystique Green, 6GB, 128GB Storage) | 6000mAh Battery | Upto 12GB RAM with RAM Plus | Without Charger","16,999",https://www.amazon.in/Samsung-Mystique-Storage-Purchased-Separately/dp/B09TWGDY4W
"OPPO A74 5G (Fantastic Purple,6GB RAM,128GB Storage) with No Cost EMI/Additional Exchange Offers","15,990",https://www.amazon.in/OPPO-Fantastic-Purple-128GB-Storage/dp/B08VB34KJ1
realme Narzo 50 Pro 5G (Hyper Blue 6GB RAM+128GB Storage) Super AMOLED | Advanced Dimensity 920 5G Gaming Processor | 50% Charge in 31 min,"17,249",https://www.amazon.in/realme-Storage-Dimensity-Processor-Display/dp/B09ZBFD6TJ
"iQOO Z6 Lite 5G (Stellar Green, 6GB RAM, 128GB Storage) | World's First Snapdragon 4 Gen 1 | Best in-Segment 120Hz Refresh Rate | Travel Adaptor Needs to be Purchased Seperately","15,499",https://www.amazon.in/iQOO-Stellar-Snapdragon-Purchased-Separately/dp/B07WJV6P1R
"OnePlus Nord 2T 5G (Gray Shadow, 8GB RAM, 128GB Storage)","28,999",https://www.amazon.in/OnePlus-Nord-Shadow-128GB-Storage/dp/B0B3CQBRB4
"realme narzo 50A Prime (Flash Black, 4GB RAM+64GB Storage) Full High Definition+ Display |50MP AI Triple Camera| Charger Included","11,499",https://www.amazon.in/realme-Storage-Definition-Display-Included/dp/B0BG1PYJR4
"iQOO Neo 6 5G (Dark Nova, 8GB RAM, 128GB Storage) | Only Snapdragon 870 in The Segment | 50% Charge in Just 12 Mins | 90 FPS Gaming Support*","24,999",https://www.amazon.in/iQOO-128GB-Storage-Snapdragon%C2%AE-FlashCharge/dp/B07WDKLDRX
"Redmi 12C (Lavender Purple, 4GB RAM, 64GB Storage)","9,499",https://www.amazon.in/Redmi-Lavender-Purple-64GB-Storage/dp/B0BYN5555J
"Redmi 10 Power (Sporty Orange, 8GB RAM, 128GB Storage)","12,499",https://www.amazon.in/Redmi-Power-Sporty-Orange-Storage/dp/B09Y5WPXGW
"Samsung Galaxy M33 5G (Deep Ocean Blue, 6GB, 128GB Storage) | 6000mAh Battery | Upto 12GB RAM with RAM Plus | Without Charger","16,999",https://www.amazon.in/Samsung-Storage-6000mAh-Purchased-Separately/dp/B09TWDYSWQ
"realme narzo 50 5G (Hyper Blue, 4GB RAM+64GB Storage) Dimensity 810 5G Processor | 48MP Ultra HD Camera",,https://www.amazon.in/realme-Storage-Dimensity-Processor-Camera/dp/B09ZBF5Y4J
realme Narzo 50 Pro 5G (Hyper Black 6GB RAM+128GB Storage) Super AMOLED | Advanced Dimensity 920 5G Gaming Processor | 50% Charge in 31 min,"17,249",https://www.amazon.in/realme-Storage-Dimensity-Processor-Display/dp/B09ZBG7J7F
"Lava Blaze 5G (Glass Green, 6GB RAM, UFS 2.2 128GB Storage) | 5G Ready | 50MP AI Triple Camera | Upto 9GB Expandable RAM | Charger Included | Clean Android (No Bloatware)","11,999",https://www.amazon.in/Lava-Blaze-5G-Green-Expandable/dp/B0BSTVXFWD
"Redmi 12C (Matte Black, 6GB RAM, 128GB Storage)","11,499",https://www.amazon.in/Redmi-Matte-Black-128GB-Storage/dp/B0BYN261NV
"OnePlus 11R 5G (Sonic Black, 16GB RAM, 256GB Storage)","44,999",https://www.amazon.in/OnePlus-Sonic-Black-256GB-Storage/dp/B0BSNNWX8R
"realme narzo 50 (Speed Blue, 4GB RAM+64GB Storage) 120Hz Full HD+ Display | 50MP AI Triple Camera | Helio G96 Powerful Gaming Processor","12,999",https://www.amazon.in/realme-Storage-Processor-Triple-Display/dp/B09RMQYHLH
"Redmi Note 11 (Space Black, 4GB RAM, 64GB Storage)|90Hz FHD+ AMOLED Display | Qualcomm® Snapdragon™ 680-6nm | 33W Charger Included","12,999",https://www.amazon.in/Redmi-Storage-Qualcomm%C2%AE-SnapdragonTM-Included/dp/B09QS8V5N8
"Samsung Galaxy M33 5G (Deep Ocean Blue, 8GB, 128GB Storage) | 6000mAh Battery | Upto 16GB RAM with RAM Plus | Without Charger","18,499",https://www.amazon.in/Samsung-Storage-6000mAh-Purchased-Separately/dp/B09TWH8YHM
"Oppo A78 5G (Glowing Black, 8GB RAM, 128 Storage) | 5000 mAh Battery with 33W SUPERVOOC Charger| 50MP AI Camera | 90Hz Refresh Rate | with No Cost EMI/Additional Exchange Offers","18,999",https://www.amazon.in/Oppo-Glowing-SUPERVOOC-Additional-Exchange/dp/B082FSKYCV
"Nokia 105 Single SIM, Keypad Mobile Phone with Wireless FM Radio | Blue","1,299",https://www.amazon.in/Nokia-105-Single-Keypad-Wireless/dp/B0BV28X1KS
"Redmi 9A Sport (Coral Green, 2GB RAM, 32GB Storage) | 2GHz Octa-core Helio G25 Processor | 5000 mAh Battery","6,499",https://www.amazon.in/Redmi-9A-Sport-Octa-core-Processor/dp/B09GFLXVH9
"iQOO Z6 Lite 5G (Stellar Green, 6GB RAM, 128GB Storage) with Charger | World's First Snapdragon 4 Gen 1 | Best in-Segment 120Hz Refresh Rate | Travel Adaptor Included in The Box","15,999",https://www.amazon.in/iQOO-Stellar-Snapdragon-Segment-Included/dp/B07WHSR1NR
"OnePlus 10R 5G (Forest Green, 8GB RAM, 128GB Storage, 80W SuperVOOC)","34,999",https://www.amazon.in/OnePlus-Forest-Green-Storage-SuperVOOC/dp/B09WRMNJ9G
"Motorola a10 Dual Sim keypad Mobile with 1750 mAh Battery, Expandable Storage Upto 32GB, Wireless FM with Recording - Rose Gold","1,399",https://www.amazon.in/Motorola-keypad-Mobile-Expandable-Battery/dp/B09JS562TP
Redmi Note 12 5G Matte Black 6GB RAM 128GB ROM | 1st Phone with 120Hz Super AMOLED and Snapdragon® 4 Gen 1 | 48MP AI Triple Camera,"19,999",https://www.amazon.in/Redmi-AMOLED-Snapdragon%C2%AE-Triple-Camera/dp/B0BQ3MT8P2
"realme narzo 50 (Speed Black, 4GB RAM+64GB Storage) Helio G96 Processor | 50MP AI Triple Camera | 120Hz Ultra Smooth Display","12,999",https://www.amazon.in/realme-Storage-Processor-Triple-Display/dp/B09RMG1M98
"realme narzo 50A Prime (Flash Blue, 4GB RAM+128GB Storage) FHD+ Display | 50MP AI Triple Camera| Charger Included","12,499",https://www.amazon.in/realme-Storage-Display-Charger-Included/dp/B0BG1NWLY3
"Nokia 105 Plus Single SIM, Keypad Mobile Phone with Wireless FM Radio, Memory Card Slot and MP3 Player | Red","1,399",https://www.amazon.in/Nokia-105-Single-Keypad-Wireless/dp/B09YDFDVNS
"Redmi A1 (Light Green, 2GB RAM 32GB ROM) | Segment Best AI Dual Cam | 5000mAh Battery | Leather Texture Design | Android 12","6,499",https://www.amazon.in/Redmi-Segment-5000mAh-Battery-Leather/dp/B0BBN3WF7V
"iQOO Z6 Lite 5G (Mystic Night, 6GB RAM, 128GB Storage) with Charger | World's First Snapdragon 4 Gen 1 | Best in-Segment 120Hz Refresh Rate | Travel Adaptor Included in The Box","15,999",https://www.amazon.in/iQOO-Storage-Snapdragon-Segment-Included/dp/B07WFPMJCH
"Nokia 110 Dual sim Keypad Phone with Wireless FM Radio, Free Earphone, Snake Game, Auto Call Recording, 1 Year Replacement Guarantee | Cyan","1,649",https://www.amazon.in/NOKIA-110-TA-1434-DS-Cyan/dp/B0B2LQM58B
"iQOO Z6 Lite 5G (Stellar Green, 4GB RAM, 64GB Storage) | World's First Snapdragon 4 Gen 1 | Best in-Segment 120Hz Refresh Rate | Travel Adaptor Needs to be Purchased Seperately","13,999",https://www.amazon.in/iQOO-Stellar-Snapdragon-Purchased-Separately/dp/B07WHSCG2C
"Samsung Galaxy M33 5G (Mystique Green, 8GB, 128GB Storage) | 6000mAh Battery | Upto 16GB RAM with RAM Plus | Without Charger","18,499",https://www.amazon.in/Samsung-Mystique-Storage-Purchased-Separately/dp/B09TWHTBKQ
"OnePlus 11 5G (Eternal Green, 16GB RAM, 256GB Storage)","61,999",https://www.amazon.in/OnePlus-Eternal-Green-256GB-Storage/dp/B0BQJM2PXW
"iQOO Neo 7 5G (Interstellar Black, 8GB RAM, 128GB Storage) | Dimensity 8200, only 4nm Processor in The Segment| 50% Charge in 10 mins| Motion Control & 90 FPS Gaming","29,999",https://www.amazon.in/iQOO-Interstellar-Storage-Dimensity-Processor/dp/B07WHRNZ89
"OnePlus 10R 5G (Sierra Black, 8GB RAM, 128GB Storage, 80W SuperVOOC)","34,999",https://www.amazon.in/OnePlus-Sierra-Black-Storage-SuperVOOC/dp/B09WRP2WXG
"Tecno Spark 9 (Sky Mirror, 6GB RAM,128GB Storage) | 11GB Expandable RAM | Helio G37 Gaming Processor","8,999",https://www.amazon.in/Tecno-Spark-Storage-Expandable-Processor/dp/B0B56YRBNT
"Samsung Galaxy M33 5G (Emerald Brown, 6GB, 128GB Storage) | 6000mAh Battery | Upto 12GB RAM with RAM Plus | Without Charger","16,999",https://www.amazon.in/Samsung-Emerald-Storage-Purchased-Separately/dp/B0B14MR9L1
"OnePlus 11 5G (Titan Black, 16GB RAM, 256GB Storage)","61,999",https://www.amazon.in/OnePlus-Titan-Black-256GB-Storage/dp/B0BQJLVSC2
"Samsung Galaxy M53 5G (Deep Ocean Blue, 8GB, 128GB Storage) | 108MP | sAmoled+ 120Hz | 16GB RAM with RAM Plus | Without Charger","23,999",https://www.amazon.in/Samsung-Storage-sAmoled-Purchased-Separately/dp/B09XJ3MBTL
"iQOO Neo 6 5G (Cyber Rage, 8GB RAM, 128GB Storage) | Only Snapdragon 870 in The Segment | 50% Charge in Just 12 Mins | 90 FPS Gaming Support*","24,999",https://www.amazon.in/iQOO-Cyber-Storage-Snapdragon%C2%AE-FlashCharge/dp/B07WHNJ4ZK
"Nokia 110 Dual sim Keypad Phone with Wireless FM Radio, Free Earphone, Snake Game, Auto Call Recording, 1 Year Replacement Guarantee | Charcoal","1,649",https://www.amazon.in/NOKIA-110-TA-1434-DS-Charcoal/dp/B0B2LR7P8L
"Motorola a10 Dual Sim keypad Mobile with 1750 mAh Battery, Expandable Storage Upto 32GB, Wireless FM with Recording - Dark Blue","1,399",https://www.amazon.in/Motorola-keypad-Mobile-Expandable-Battery/dp/B09JS94MBV
"Tecno Spark 8 Pro (Interstellar Black, 4GB RAM,64GB Storage) | 48MP Triple Camera | 33W Fast Charger","8,299",https://www.amazon.in/Tecno-Spark-Pro-Interstellar-64GB/dp/B09MWCWRMP
"Nokia 105 Plus Single SIM, Keypad Mobile Phone with Wireless FM Radio, Memory Card Slot and MP3 Player | Charcoal","1,399",https://www.amazon.in/Nokia-105-Single-Wireless-Charcoal/dp/B09YDFKJF8
"Oppo F21s Pro (Dawnlight Gold, 8GB RAM, 128 Storage)|6.43"" FHD+ AMOLED|32MP Front Camera with Microlens|4500 mAh Battery with 33W SUPERVOOC Charger|with No Cost EMI/Additional Exchange Offers","21,999",https://www.amazon.in/Oppo-Dawnlight-Storage-Additional-Exchange/dp/B0BD5J36FC
"Redmi Note 11T 5G (Stardust White, 8GB RAM, 128GB ROM) | Dimensity 810 5G | 33W Pro Fast Charging | Charger Included | Additional Exchange Offers| Get 2 Months of YouTube Premium Free!","18,499",https://www.amazon.in/Redmi-Note-11T-5G-Dimensity/dp/B09LHX1YFX
"Redmi 9A Sport (Carbon Black, 2GB RAM, 32GB Storage) | 2GHz Octa-core Helio G25 Processor | 5000 mAh Battery","6,499",https://www.amazon.in/Redmi-9A-Sport-Octa-core-Processor/dp/B09GFM8CGS
"Nokia 5310 Dual SIM Keypad Phone with MP3 Player, Wireless FM Radio and Rear Camera with Flash | White/Red","3,549",https://www.amazon.in/Nokia-5310-Feature-Player-Wireless/dp/B08BG6FQ2S
"Redmi 11 Prime 5G (Thunder Black, 6GB RAM, 128GB Storage) | Prime Design | MTK Dimensity 700 | 50 MP Dual Cam | 5000mAh | 7 Band 5G","15,999",https://www.amazon.in/Redmi-Thunder-Storage-Dimensity-5000mAh/dp/B0BBFKGFQH
Redmi Note 12 5G Frosted Green 6GB RAM 128GB ROM | 1st Phone with 120Hz Super AMOLED and Snapdragon® 4 Gen 1 | 48MP AI Triple Camera,"19,999",https://www.amazon.in/Redmi-Frosted-AMOLED-Snapdragon%C2%AE-Triple/dp/B0BQ3Q5NDH
"Samsung Guru Music 2 315 (GT-B315, Black) (SM-B315EZKDINS)","2,090",https://www.amazon.in/Samsung-Guru-Music-GT-B315-Black/dp/B09MKT9ZYM
Apple iPhone 14 (128 GB) - Midnight,"71,999",https://www.amazon.in/Apple-iPhone-14-128GB-Midnight/dp/B0BDHX8Z63
Redmi Note 12 5G Mystique Blue 6GB RAM 128GB ROM | 1st Phone with 120Hz Super AMOLED and Snapdragon® 4 Gen 1 | 48MP AI Triple Camera,"19,999",https://www.amazon.in/Redmi-Mystique-AMOLED-Snapdragon%C2%AE-Triple/dp/B0BQ3PYMCZ
"Itel P40 (6000mAh Battery with Fast Charging | 2GB RAM + 64GB ROM, Up to 4GB RAM with Memory Fusion | 13MP AI Dual Rear Camera) - Dreamy Blue","6,299",https://www.amazon.in/Itel-6000mAh-Battery-Charging-Memory/dp/B0BXLPTD1Z
realme Narzo 50 Pro 5G (Hyper Black 8GB RAM+128GB Storage) Dimensity 920 5G Processor |90Hz Super AMOLED Display,"18,749",https://www.amazon.in/realme-Storage-Dimensity-Processor-Display/dp/B09ZBGG4HR
"realme narzo 50 (Speed Blue, 6GB RAM+128GB Storage) Helio G96 Processor | 50MP AI Triple Camera | 120Hz Ultra Smooth Display","15,499",https://www.amazon.in/realme-Storage-Processor-Triple-Display/dp/B09RN24CY6
"Lava Blaze 5G (Glass Blue, 4GB RAM, UFS 2.2 128GB Storage) | 5G Ready | 50MP AI Triple Camera | Upto 7GB Expandable RAM | Charger Included | Clean Android (No Bloatware)","10,999",https://www.amazon.in/Lava-Blaze-5G-Blue-Expandable/dp/B0BKKHFGCP
"Nokia 8210 4G Volte keypad Phone with Dual SIM, Big Display, inbuilt MP3 Player & Wireless FM Radio | Blue","3,899",https://www.amazon.in/Nokia-8210-4G-Display-Wireless/dp/B0B7DHSKS7
"Nokia C12 Android 12 (Go Edition) Smartphone, All-Day Battery, 4GB RAM (2GB RAM + 2GB Virtual RAM) + 64GB Capacity | Light Mint","6,099",https://www.amazon.in/Nokia-Android-Smartphone-All-Day-Capacity/dp/B0BW5QRCPG
realme Narzo 50 Pro 5G (Hyper Blue 8GB RAM+128GB Storage) Dimensity 920 5G Processor |90Hz Super AMOLED Display,"18,749",https://www.amazon.in/realme-Storage-Dimensity-Processor-Display/dp/B09ZBFNJ2X
"OPPO A15s (Fancy White, 4GB, 128GB Storage) AI Triple Camera | 6.52"" HD+ Screen | 2.3GHz Mediatek Helio P35 Octa Core Processor","11,490",https://www.amazon.in/Oppo-Storage-Additional-Exchange-CPH2179/dp/B08LRDT7PL
"Redmi 11 Prime 5G (Meadow Green, 6GB RAM, 128GB Storage) | Prime Design | MTK Dimensity 700 | 50 MP Dual Cam | 5000mAh | 7 Band 5G","15,999",https://www.amazon.in/Redmi-Meadow-Storage-Dimensity-5000mAh/dp/B0BBFQ34K3
"Nokia 2660 Flip 4G Volte keypad Phone with Dual SIM, Dual Screen, inbuilt MP3 Player & Wireless FM Radio | Black","4,599",https://www.amazon.in/Nokia-2660-keypad-inbuilt-Wireless/dp/B0B9YK24TF
"iQOO Z6 5G by vivo (Dynamo Black, 4GB RAM, 128GB Storage) | Snapdragon 695-6nm Processor | 120Hz FHD+ Display | 5000mAh Battery","15,499",https://www.amazon.in/iQOO-Storage-Snapdragon-695-6nm-Processor/dp/B07WDKL741
"Samsung Guru Music 2 315 (GT-B315, White) (SM-B315EZWDINS)","2,149",https://www.amazon.in/Samsung-Guru-Music-GT-B315-White/dp/B09MLQJ2HF
"OnePlus 10R 5G (Forest Green, 12GB RAM, 256GB Storage, 80W SuperVOOC)","38,999",https://www.amazon.in/OnePlus-Forest-Green-Storage-SuperVOOC/dp/B09WRKHWP7
"Nokia C12 Android 12 (Go Edition) Smartphone, All-Day Battery, 4GB RAM (2GB RAM + 2GB Virtual RAM) + 64GB Capacity | Charcoal","6,099",https://www.amazon.in/Nokia-Android-Smartphone-Capacity-Charcoal/dp/B0BW5SL3V1
"Samsung Galaxy S20 FE 5G (Cloud Navy, 8GB RAM, 128GB Storage) with No Cost EMI & Additional Exchange Offers","29,999",https://www.amazon.in/Samsung-Galaxy-Cloud-128GB-Storage/dp/B08VB57558
"Lava Blaze 5G (Glass Green, 4GB RAM, UFS 2.2 128GB Storage) | 5G Ready | 50MP AI Triple Camera | Upto 7GB Expandable RAM | Charger Included | Clean Android (No Bloatware)","10,999",https://www.amazon.in/Lava-Blaze-5G-Green-Expandable/dp/B0BKJRHV2M
"Redmi K50i 5G (Stealth Black, 6GB RAM, 128GB Storage) | Flagship Mediatek Dimensity 8100 Processor | 144Hz Liquid FFS Display | Alexa Built-in","23,999",https://www.amazon.in/Redmi-Flagship-Mediatek-Dimensity-Processor/dp/B0B4DZ14K7
"Nokia 2660 Flip 4G Volte keypad Phone with Dual SIM, Dual Screen, inbuilt MP3 Player & Wireless FM Radio | Blue","4,599",https://www.amazon.in/Nokia-2660-keypad-inbuilt-Wireless/dp/B0B9YG883G
"Itel P40 (6000mAh Battery with Fast Charging | 2GB RAM + 64GB ROM, Up to 4GB RAM with Memory Fusion | 13MP AI Dual Rear Camera) - Luxurious Gold","6,299",https://www.amazon.in/Itel-6000mAh-Battery-Charging-Memory/dp/B0BXLPY5WW
"realme narzo 50 5G (Hyper Blue, 6GB RAM+128GB Storage) Dimensity 810 5G Processor | 48MP Ultra HD Camera","17,999",https://www.amazon.in/realme-Storage-Dimensity-Processor-Camera/dp/B09ZBFH4P2
"Vivo Y56 5G (Orange Shimmer, 8GB RAM, 128GB Storage) with No Cost EMI/Additional Exchange Offers","19,999",https://www.amazon.in/Vivo-Shimmer-Storage-Additional-Exchange/dp/B07WJWXHFN
"Lava Gem (Blue Gold), Speaker with Amplifier, PMMA 2.5D Glass, Military Grade Certified,1.3 MP Camera, Keypad Mobile","1,680",https://www.amazon.in/Lava-Gem-GEM-Blue-Gold/dp/B07X5LQP6V
Redmi Note 12 5G Matte Black 4GB RAM 128GB ROM | 1st Phone with 120Hz Super AMOLED and Snapdragon® 4 Gen 1 | 48MP AI Triple Camera,"17,999",https://www.amazon.in/Redmi-AMOLED-Snapdragon%C2%AE-Triple-Camera/dp/B0BQ3MMPX6
Redmi Note 12 5G Mystique Blue 4GB RAM 128GB ROM | 1st Phone with 120Hz Super AMOLED and Snapdragon® 4 Gen 1 | 48MP AI Triple Camera,"17,999",https://www.amazon.in/Redmi-Mystique-AMOLED-Snapdragon%C2%AE-Triple/dp/B0BQ3PJJDQ
"Nokia C12 Android 12 (Go Edition) Smartphone, All-Day Battery, 4GB RAM (2GB RAM + 2GB Virtual RAM) + 64GB Capacity | Dark Cyan","6,099",https://www.amazon.in/Nokia-Android-Smartphone-All-Day-Capacity/dp/B0BW5SQX18
"iQOO Z6 44W (Lumina Blue, 4GB RAM, 128GB Storage) | 6.44"" FHD+ AMOLED Display | 50% Charge in just 27 mins | in-Display Fingerprint Scanning","14,499",https://www.amazon.in/iQOO-Lumina-Blue-128GB-Storage/dp/B07WDKLRM4
"Tecno Spark 9 (Infinity Black, 4GB RAM,64GB Storage) | 7GB Expandable RAM | Helio G37 Gaming Processor","7,999",https://www.amazon.in/Tecno-Spark-Infinity-Expandable-Processor/dp/B0B56YWX99
"Itel P40 (6000mAh Battery with Fast Charging | 2GB RAM + 64GB ROM, Up to 4GB RAM with Memory Fusion | 13MP AI Dual Rear Camera) - Force Black","6,299",https://www.amazon.in/Itel-6000mAh-Battery-Charging-Memory/dp/B0BXLS3L5V
"iQOO Z6 5G by vivo (Dynamo Black, 4GB RAM, 128GB Storage) | Snapdragon 695-6nm Processor | 120Hz FHD+ Display | Travel Adapter to be Purchased Separately","14,999",https://www.amazon.in/iQOO-Snapdragon-Processor-Purchased-Separately/dp/B07WGPLWLR
"Vivo Y56 5G (Black Engine, 8GB RAM, 128GB Storage) with No Cost EMI/Additional Exchange Offers","19,999",https://www.amazon.in/Vivo-Engine-Storage-Additional-Exchange/dp/B07WFPMD64
"Nokia 110 Dual sim Keypad Phone with Wireless FM Radio, Free Earphone, Snake Game, Auto Call Recording, 1 Year Replacement Guarantee | Rose Gold","1,749",https://www.amazon.in/NOKIA-110-TA-1434-DS-Rosegold/dp/B0B2LR2PTG
"Samsung Galaxy S20 FE 5G (Cloud Mint, 8GB RAM, 128GB Storage)","29,999",https://www.amazon.in/Samsung-Galaxy-Cloud-128GB-Storage/dp/B08VB2MRF8
"iQOO Neo 7 5G (Interstellar Black, 12GB RAM, 256GB Storage) | Dimensity 8200, only 4nm Processor in The Segment| 50% Charge in 10 mins| Motion Control & 90 FPS Gaming","33,999",https://www.amazon.in/iQOO-Interstellar-Storage-Dimensity-Processor/dp/B07WDKLDCN
Nokia 105 Single SIM (Black),"1,428",https://www.amazon.in/Nokia-105-2019-Single-Black/dp/B07YYNX5X6
"Lava Flip, Blue - Dual Sim Keypad GSM Mobile with Unique Design, Notification LED and Number Talker","1,790",https://www.amazon.in/Lava-FLIP-Blue/dp/B08N22MDTK
"Nokia 5310 Dual SIM Keypad Phone with MP3 Player, Wireless FM Radio and Rear Camera with Flash | Black/Red","3,549",https://www.amazon.in/Nokia-5310-Feature-Player-Wireless/dp/B08BG8L72Q
"iQOO Neo 7 5G (Frost Blue, 12GB RAM, 256GB Storage) | Dimensity 8200, only 4nm Processor in The Segment | 50% Charge in 10 mins | Motion Control & 90 FPS Gaming","33,999",https://www.amazon.in/iQOO-Storage-Dimensity-Processor-Segment/dp/B07WHR5ZG7
"iQOO Z6 5G by vivo (Chromatic Blue, 4GB RAM, 128GB Storage) | Snapdragon 695-6nm Processor | 120Hz FHD+ Display | 5000mAh Battery","15,499",https://www.amazon.in/iQOO-Chromatic-Storage-Snapdragon-Processor/dp/B07WGPKK2P
Apple iPhone 14 Plus (128 GB) - Blue,"79,999",https://www.amazon.in/Apple-iPhone-Plus-128GB-Blue/dp/B0BDK62STN
"Tecno Spark 9 (Sky Mirror, 4GB RAM,64GB Storage) | 7GB Expandable RAM | Helio G37 Gaming Processor","7,999",https://www.amazon.in/Tecno-Spark-Storage-Expandable-Processor/dp/B0B56YRDDT
"Samsung Galaxy M33 5G (Emerald Brown, 8GB, 128GB Storage) | 6000mAh Battery | 16GB RAM with RAM Plus | Without Charger","18,499",https://www.amazon.in/Samsung-Emerald-Storage-Purchased-Separately/dp/B0B14C482C
"realme narzo 50i (Carbon Black, 4GB RAM+64GB Storage) Octa Core Processor | 6.5"" inch Large Display","8,999",https://www.amazon.in/realme-narzo-Carbon-Black-Storage/dp/B09FKB3446
"Micromax X412 Auto Call Recording, 800mAh lithiumion, Blue",902,https://www.amazon.in/Micromax-X412-Blue-Recording-800mAh/dp/B07XCNWVW3
"iQOO Neo 6 5G (Dark Nova, 12GB RAM, 256GB Storage) | Only Snapdragon 870 in The Segment | 50% Charge in Just 12 Mins | 90 FPS Gaming Support*","28,999",https://www.amazon.in/iQOO-256GB-Storage-Snapdragon%C2%AE-FlashCharge/dp/B07WHQFRRD
"Nokia 110 4G with Volte HD Calls, Up to 32GB External Memory, FM Radio (Wired & Wireless Dual Mode), Games, Torch | Aqua 110 DS-4G","2,899",https://www.amazon.in/Nokia-110-External-Wireless-DS-4G/dp/B099WKZQDX
"realme narzo 50 (Speed Black, 6GB RAM+128GB Storage) Helio G96 Processor | 50MP AI Triple Camera | 120Hz Ultra Smooth Display","15,499",https://www.amazon.in/realme-Storage-Processor-Triple-Display/dp/B09RMN7HY3
Redmi Note 12 5G Frosted Green 4GB RAM 128GB ROM | 1st Phone with 120Hz Super AMOLED and Snapdragon® 4 Gen 1 | 48MP AI Triple Camera,"17,999",https://www.amazon.in/Redmi-Frosted-AMOLED-Snapdragon%C2%AE-Triple/dp/B0BQ3RC28F
"Samsung Galaxy M32 Prime Edition (Light Blue, 6GB RAM, 128GB)","15,499",https://www.amazon.in/Samsung-Galaxy-Prime-Light-128GB/dp/B0BD3V985M
"iQOO 9 SE 5G (Sunset Sierra, 8GB RAM, 128GB Storage) | Qualcomm Snapdragon 888 | 66W Flash Charge","30,990",https://www.amazon.in/iQOO-Sunset-Storage-Qualcomm-Snapdragon/dp/B07WHS7MZ1
"PHILIPS Xenium E209 Premium Multimedia Feature Keypad Mobile Basic Bar Phone with Dual SIM Card, Vivid Display, Rear Camara, Dual LED Torch, Music Player, FM, Bluetooth, SOS Enabled (Black, 2.4 inch)","1,148",https://www.amazon.in/PHILIPS-Xenium-E209-Multimedia-Bluetooth/dp/B09D7SZVM9
"iQOO Z6 44W (Raven Black, 4GB RAM, 128GB Storage) | 6.44"" FHD+ AMOLED Display | 50% Charge in just 27 mins | in-Display Fingerprint Scanning","14,499",https://www.amazon.in/iQOO-Raven-Black-128GB-Storage/dp/B07WGPKTS4
"Samsung Galaxy A23 Blue, 6GB RAM, 128GB Storage with No Cost EMI/Additional Exchange Offers","17,499",https://www.amazon.in/Samsung-Galaxy-Storage-Additional-Exchange/dp/B09VK5D8KW
"Samsung Galaxy M32 Prime Edition (Black, 6GB RAM, 128GB)","15,499",https://www.amazon.in/Samsung-Galaxy-Prime-Black-128GB/dp/B0BD4QR481
"Nokia G21 Android Smartphone, Dual SIM, 3-Day Battery Life, 6GB RAM + 128GB Storage, 50MP Triple AI Camera | Nordic Blue","13,499",https://www.amazon.in/Nokia-Android-Smartphone-Battery-Storage/dp/B09Y99VSSJ
Apple iPhone 14 (128 GB) - Starlight,"71,999",https://www.amazon.in/Apple-iPhone-14-128GB-Starlight/dp/B0BDK8LKPJ
Nokia 150 (2020) (Black),"2,599",https://www.amazon.in/Nokia-150-Black/dp/B08H1ZHM2G
"Oppo A17 (Lake Blue, 4GB RAM, 64GB Storage) with No Cost EMI/Additional Exchange Offers","12,499",https://www.amazon.in/Oppo-Storage-Additional-Exchange-Offers/dp/B0BMQS9NVT
"Vivo Y16 (Drizzling Gold, 4GB RAM, 64GB Storage) with No Cost EMI/Additional Exchange Offers","12,499",https://www.amazon.in/Vivo-Drizzling-Storage-Additional-Exchange/dp/B07WHQ4S68
"Redmi 9 Activ (Coral Green, 4GB RAM, 64GB Storage)| Octa-core Helio G35 | 5000 mAh Battery","9,499",https://www.amazon.in/Redmi-Activ-Coral-Green-Storage/dp/B09GFLFMPS
"Samsung Galaxy S20 FE 5G (Cloud Lavender, 8GB RAM, 128GB Storage) with No Cost EMI & Additional Exchange Offers","29,999",https://www.amazon.in/Samsung-Galaxy-Cloud-Lavender-Storage/dp/B08V9VMRQF
"Lava Gem (Gold+Black), Speaker with Amplifier, PMMA 2.5D Glass, Military Grade Certified,1.3 MP Camera, Keypad Mobile","1,630",https://www.amazon.in/Lava-GEM-Gold-Black/dp/B07HFHK9TG
Apple iPhone 12 (64GB) - White,"53,999",https://www.amazon.in/New-Apple-iPhone-12-64GB/dp/B08L5VJYV7
Nokia 150 (2020) (Cyan),,https://www.amazon.in/Nokia-150-Cyan/dp/B08H21B6V7
"Redmi 10A Sport (Charcoal Black, 6GB RAM, 128GB Storage) | 2 Ghz Octa Cor Helio G25 | 5000 mAh Battery | Finger Print Sensor | Upto 8GB RAM with RAM Booster","10,499",https://www.amazon.in/Redmi-Charcoal-Storage-Battery-Booster/dp/B0B6PZ5J8C
Xiaomi 11 Lite NE 5G (Jazz Blue 8GB RAM 128 GB Storage) | Slimmest (6.81mm) & Lightest (158g) 5G Smartphone | 10-bit AMOLED with Dolby Vision | SD 778 with 12 5G Bands,"25,999",https://www.amazon.in/Xiaomi-Slimmest-Smartphone-Additional-Available/dp/B09G3B4JTY
"Redmi Note 11 (Horizon Blue, 6GB RAM, 128GB Storage)|90Hz FHD+ AMOLED Display | Qualcomm® Snapdragon™ 680-6nm | 33W Charger Included","14,999",https://www.amazon.in/Redmi-Horizon-Qualcomm%C2%AE-SnapdragonTM-Included/dp/B09QSBF2T7
"Redmi 11 Prime (Peppy Purple, 6GB RAM, 128GB Storage) | Prime Design | High Performance Helio G99 | 50 MP AI Triple Cam | 5000 mAh | 22.5W","13,499",https://www.amazon.in/Redmi-Purple-Storage-Design-Performance/dp/B0BBH16VNN
"OnePlus 10R 5G (Sierra Black, 12GB RAM, 256GB Storage, 80W SuperVOOC)","38,999",https://www.amazon.in/OnePlus-Sierra-Black-Storage-SuperVOOC/dp/B09WRNPKRR
"Redmi 11 Prime (Flashy Black, 6GB RAM, 128GB Storage) | Prime Design | High Performance Helio G99 | 50 MP AI Triple Cam | 5000 mAh | 22.5W","13,499",https://www.amazon.in/Redmi-Flashy-Storage-Design-Performance/dp/B0BBH5JV7N
"Redmi K50i 5G (Phantom Blue, 8GB RAM, 256GB Storage)| Flagship Mediatek Dimensity 8100 Processor | 144Hz Liquid FFS Display","26,999",https://www.amazon.in/Redmi-Flagship-Mediatek-Dimensity-Processor/dp/B0B4DTG52W
"Motorola A10e Dual Sim keypad Mobile with 800 mAh Battery, Expandable Storage Upto 32GB, Wireless FM with auto Call Recording - Dark Blue","1,303",https://www.amazon.in/Motorola-Battery-Expandable-Wireless-Recording/dp/B0BYSZ9R6H
Apple iPhone 14 (128 GB) - Purple,"71,999",https://www.amazon.in/Apple-iPhone-14-128GB-Purple/dp/B0BDJ213TX
"Nokia 3310 Dual SIM Feature Phone with MP3 Player, Wireless FM Radio and Rear Camera, Dark Blue","3,899",https://www.amazon.in/Nokia-MT000735-3310-Dark-Blue/dp/B071HTGC1R
"Oppo A17k (Navy Blue, 3GB RAM, 64GB Storage) with No Cost EMI/Additional Exchange Offers","9,499",https://www.amazon.in/Oppo-Storage-Additional-Exchange-Offers/dp/B0BHJC43JW
"Tecno POP 7 Pro (Uyuni Blue, 3GB RAM,64GB Storage) | Type C Port | 12MP Dual Camera | Up to 6GB RAM with Memory Fusion","7,299",https://www.amazon.in/Tecno-Storage-Camera-Memory-Fusion/dp/B0BTLJM8MS
Redmi 9A (Midnight Black 2GB RAM 32GB Storage) | 2GHz Octa-core Helio G25 Processor | 5000 mAh Battery,"7,380",https://www.amazon.in/Redmi-9A-Midnight-2GB-32GB/dp/B08697N43G
"Samsung Guru Music 2 315 (GT-B315, Blue) (SM-B315EZBDINS)",,https://www.amazon.in/Samsung-Guru-Music-GT-B315-Blue/dp/B09MLQZG1C
"Redmi 9A Sport (Carbon Black, 3GB RAM, 32GB Storage) | 2GHz Octa-core Helio G25 Processor | 5000 mAh Battery","7,499",https://www.amazon.in/Redmi-9A-Sport-Octa-core-Processor/dp/B09GFPVFDV
"Motorola a70 keypad Mobile Dual Sim with Expandable Memory Upto 32GB,Camera, 2.4 inch Screen with 1750 mAh Battery, Dark Blue","1,859",https://www.amazon.in/Motorola-keypad-Mobile-Expandable-Battery/dp/B09JSFRKRN
"Tecno Spark 8 Pro (Turquoise Cyan, 4GB RAM,64GB Storage) | 48MP Triple Camera | 33W Fast Charger","8,299",https://www.amazon.in/Tecno-Spark-Pro-Expandable-64GB/dp/B09MZ67H1H
"realme narzo 50i (Mint Green, 2GB RAM+32GB Storage) Octa Core Processor | 6.5"" inch Large Display",,https://www.amazon.in/realme-narzo-Mint-Green-Storage/dp/B09FKDH6FS
Apple iPhone 14 (128 GB) - Blue,"71,999",https://www.amazon.in/Apple-iPhone-14-128GB-Blue/dp/B0BDK62PDX
"Lava Yuva 2 Pro (Glass Green, 4GB RAM, 64GB Storage)| 2.3 Ghz Octa Core Helio G37| 13 MP AI Triple Camera |Fingerprint Sensor| 5000 mAh Battery| Upto 7GB Expandable RAM","7,999",https://www.amazon.in/Lava-Storage-Fingerprint-Battery-Expandable/dp/B0BVBHB193
"Redmi K50i 5G (Stealth Black, 8GB RAM, 256GB Storage) | Flagship Mediatek Dimensity 8100 Processor | 144Hz Liquid FFS Display | Alexa Built-in","26,999",https://www.amazon.in/Redmi-Flagship-Mediatek-Dimensity-Processor/dp/B0B4DQW8N7
"Samsung Galaxy A14 5G (Dark Red, 6GB, 128GB Storage) | Triple Rear Camera (50 MP Main) | Upto 12 GB RAM with RAM Plus | Travel Adapter to be Purchased Separately","18,999",https://www.amazon.in/Samsung-Storage-Adapter-Purchased-Separately/dp/B0BS16FS5K
Nokia 150 (2020) (Red),"2,499",https://www.amazon.in/Nokia-150-Red/dp/B08H1Z5Y9Z
"Vivo Y22 (Starlit Blue, 6GB RAM, 128GB Storage) with No Cost EMI/Additional Exchange Offers","16,499",https://www.amazon.in/Vivo-Starlit-Storage-Additional-Exchange/dp/B07WGPKRJ7
"Tecno Spark 8T (Atlantic Blue, 4GB RAM,64GB Storage)| 50MP AI Camera | 7GB Expandable RAM","8,299",https://www.amazon.in/Tecno-Spark-8T-Expandable-64GB/dp/B09MKPX6RQ
"Tecno POP 7 Pro (Uyuni Blue, 2GB RAM,64GB Storage) | Type C Port | 12MP Dual Camera | Up to 4GB RAM with Memory Fusion","6,799",https://www.amazon.in/Tecno-Storage-Camera-Memory-Fusion/dp/B0BTLKLGNT
"Tecno POVA 4 (Cryolite Blue,8GB RAM,128GB Storage)| Helio G99 Processor | 6000mAh Battery 18W Charger Included | 50MP Rear Camera","11,999",https://www.amazon.in/Tecno-Cryolite-Storage-Processor-Included/dp/B0BMT9VP8R
"Lava A1 Josh 21(Blue Silver) -Dual Sim,Call Blink Notification,Military Grade Certified with 4 Day Battery Backup, Keypad Mobile","1,055",https://www.amazon.in/Lava-Notfication-recoding-Military-Certified/dp/B09BF8JBWX
"IKALL K100 Mobile (1.8 Inch, Dual Sim) (Blue)",699,https://www.amazon.in/IKALL-K100-Mobile-Inch-Blue/dp/B0BDRX9VN9
"Redmi Note 10S (Deep Sea Blue, 6GB RAM, 64GB Storage) - Super Amoled Display | 64 MP Quad Camera | 6 Month Free Screen Replacement (Prime only) |33W Charger Included","14,999",https://www.amazon.in/Redmi-Storage-Super-Amoled-Display/dp/B0948NNY3W
"realme narzo 50A (Oxygen Blue , 4GB RAM + 64 GB Storage) Helio G85 Processor | 6000 mAh Battery","11,499",https://www.amazon.in/realme-Oxygen-Storage-Processor-Battery/dp/B09FKD67CS
"Redmi 10 (Caribbean Green, 6GB RAM, 128GB Storage)","11,496",https://www.amazon.in/Redmi-10-Caribbean-Green-Storage/dp/B09XR9SGNY
Redmi 10 Prime (Astral White 4GB RAM 64GB ROM |Helio G88 with extendable RAM Upto 2GB |FHD+ 90Hz Adaptive Sync Display),"12,999",https://www.amazon.in/Redmi-10-Prime-extendable-Adaptive/dp/B09CTY7TGF
"Nokia 2660 Flip 4G Volte keypad Phone with Dual SIM, Dual Screen, inbuilt MP3 Player & Wireless FM Radio | Red","4,599",https://www.amazon.in/Nokia-2660-keypad-inbuilt-Wireless/dp/B0B9YG175G
"Nokia C01 Plus 4G, 5.45” HD+ Screen, Selfie Camera with Front Flash (Blue)","5,129",https://www.amazon.in/Nokia-Screen-Selfie-Camera-Front/dp/B09FLYW7FG
Lava A3 (Dark Blue) - Dual Sim Mobile with 1750 mAh Big Battery and 32 GB Expandable Storage,"1,212",https://www.amazon.in/Lava-A3-Dark-Blue/dp/B07R3SNX8D
SAMSUNG GURU MUSIC2 (SM315) (SM-315) (Gold),,https://www.amazon.in/SAMSUNG-GURU-MUSIC2-SM315-SM-315/dp/B09MLQXJW1
"Samsung Galaxy A14 5G (Dark Red, 4GB, 64GB Storage) | Triple Rear Camera (50 MP Main) | Upto 8 GB RAM with RAM Plus | Travel Adapter to be Purchased Separately","16,499",https://www.amazon.in/Samsung-Storage-Adapter-Purchased-Separately/dp/B0BS181R59
Nokia 125 TA-1253 DS in Black,"2,199",https://www.amazon.in/Nokia-125-NOKIA-DS/dp/B08JCX8X2M
"Lava A5 (Gold), Military Grade Certified with 3 Days Battery Backup, Sound Leakage Resistance, Super Battery Mode, Keypad Mobile",,https://www.amazon.in/Lava-A5-Gold/dp/B082FCV9ZL
"Lava Flip, Red - Dual Sim Keypad Mobile with Unique Design, Notification LED and Number Talker","1,790",https://www.amazon.in/Lava-Flip-red-Regular-111LFMFLF01FPR/dp/B08N23YCD7
"realme narzo 50i (Carbon Black, 2GB RAM+32GB Storage) Octa Core Processor | 6.5"" inch Large Display","7,499",https://www.amazon.in/realme-narzo-Carbon-Black-Storage/dp/B09FKGDJNC
"Motorola a70 keypad Mobile Dual Sim with Expandable Memory Upto 32GB,Camera, 2.4 inch Screen with 1750 mAh Battery, Rose Gold",,https://www.amazon.in/Motorola-keypad-Mobile-Expandable-Battery/dp/B09JSH73LR
Nokia 105 Single SIM (Pink),"1,389",https://www.amazon.in/Nokia-105-2019-Single-Pink/dp/B07YYMYXVD
"iQOO Z6 Pro 5G by vivo (Phantom Dusk, 8GB RAM, 128GB Storage) | Snapdragon 778G 5G | 66W FlashCharge | 1300 nits Peak Brightness | HDR10+","23,999",https://www.amazon.in/iQOO-Phantom-Snapdragon-FlashCharge-Brightness/dp/B07WHSJXLF
"OnePlus 11 5G (Titan Black, 8GB RAM, 128GB Storage)","56,999",https://www.amazon.in/OnePlus-Titan-Black-128GB-Storage/dp/B0BQJMRXQV
"Motorola E22s (4GB, 64GB) (Eco Black)","8,399",https://www.amazon.in/Motorola-E22s-4GB-64GB-Black/dp/B0BNKJ1B61
"OnePlus 11 5G (Eternal Green, 8GB RAM, 128GB Storage)","56,999",https://www.amazon.in/OnePlus-Eternal-Green-128GB-Storage/dp/B0BQJLCQD3
"Xiaomi 11i 5G (Purple Mist, 8GB RAM, 128GB Storage)","21,965",https://www.amazon.in/Xiaomi-Purple-Mist-128GB-Storage/dp/B09QD2G88N
"Vivo Y16 (Stellar Black, 4GB RAM, 64GB Storage) with No Cost EMI/Additional Exchange Offers","12,499",https://www.amazon.in/Vivo-Stellar-Storage-Additional-Exchange/dp/B07WJWN6R6
"Tecno POVA 4 (Magma Orange,8GB RAM,128GB Storage)| 6nm Helio G99 Processor | 6000mAh Battery 18W Charger Included| 90Hz Refresh Rate | 50MP Rear Camera","11,999",https://www.amazon.in/Tecno-Storage-Processor-6000mAh-Included/dp/B0BX9YM275
"Lava Hero Punch(Charcoal Grey),Stylish Design, 3 Day Battery Backup, FM with Recording, Keypad Mobile, Basic Mobile",900,https://www.amazon.in/Lava-Charcoal-Stylish-Battery-Recording/dp/B09S5KF28M
"Samsung Galaxy A14 5G (Black, 4GB, 64GB Storage) | Triple Rear Camera (50 MP Main) | Upto 8 GB RAM with RAM Plus | Travel Adapter to be Purchased Separately","16,499",https://www.amazon.in/Samsung-Storage-Adapter-Purchased-Separately/dp/B0BS162BQ3
"Samsung Galaxy A23 5G, Light Blue (6GB, 128GB Storage) with Offer","22,999",https://www.amazon.in/Samsung-Galaxy-Light-128GB-Storage/dp/B0BS193NXQ
"Oppo F21s Pro 5G (Dawnlight Gold, 8GB RAM, 128 Storage)|6.43"" FHD+ AMOLED|64MP Rear Triple AI Camera|4500 mAh Battery with 33W SUPERVOOC Charger|with No Cost EMI/Additional Exchange Offers","25,999",https://www.amazon.in/Oppo-Dawnlight-Storage-Additional-Exchange/dp/B0BD52J6HF
"Samsung Galaxy A14 5G (Light Green, 4GB, 64GB Storage) | Triple Rear Camera (50 MP Main) | Upto 8 GB RAM with RAM Plus | Travel Adapter to be Purchased Separately","16,499",https://www.amazon.in/Samsung-Storage-Adapter-Purchased-Separately/dp/B0BS18R6C8
"Redmi 10 (Caribbean Green, 4GB RAM, 64GB Storage)",,https://www.amazon.in/Redmi-10-Caribbean-Green-Storage/dp/B09XR8591Q
"Lava Hero 600i (Blue Green) with Sleek and Stylish Design, 10 Regional Languages Input Support, Auto Call Recording, Wireless FM with Recording and 32 GB Expandable Storage",849,https://www.amazon.in/Lava-Regional-Languages-Recording-Expandable/dp/B0BFWZ9MVT
"realme narzo 50 5G (Hyper Black, 4GB RAM+64GB Storage) Dimensity 810 5G Processor | 48MP Ultra HD Camera",,https://www.amazon.in/realme-Storage-Dimensity-Processor-Camera/dp/B09ZBFDQ9F
"Google Pixel 7 5G (Obsidian, 8GB Ram 128GB Storage)","47,800",https://www.amazon.in/Google-Pixel-Obsidian-128GB-Storage/dp/B0BJL8H3QY
"Vivo Y16 (Drizzling Gold, 3GB RAM, 64GB Storage) with No Cost EMI/Additional Exchange Offers","10,499",https://www.amazon.in/Vivo-Drizzling-Storage-Additional-Exchange/dp/B07WGNVP3S
"Samsung Galaxy M32 Prime Edition (Light Blue, 4GB RAM, 64GB)","13,499",https://www.amazon.in/Samsung-Galaxy-Prime-Light-Blue/dp/B0BD3T6Z1D
"Nokia G11 Android 12 Smartphone, Dual SIM, 3-Day Battery Life, 4GB RAM + 64GB Storage, 50MP Dual AI Camera | Lake Blue","9,499",https://www.amazon.in/Nokia-Android-Smartphone-Battery-Storage/dp/B0BGXC1W83
"Nokia 225 4G Dual SIM Feature Phone with Long Battery Life, Camera, Multiplayer Games, and Premium Finish – Metallic Sand Colour","3,749",https://www.amazon.in/Nokia-225-4G-Feature-Multiplayer/dp/B08P311TYZ
"Vivo Y22 (Metaverse Green, 6GB RAM, 128GB Storage) with No Cost EMI/Additional Exchange Offers","16,499",https://www.amazon.in/Vivo-Y22-Metaverse-Additional-Exchange/dp/B07WHSG2TL
"Vivo Y100 5G (Pacific Blue, 8GB RAM, 128GB Storage) with No Cost EMI/Additional Exchange Offers","24,999",https://www.amazon.in/Vivo-Pacific-Storage-Additional-Exchange/dp/B07WHRLCZ8
"Oppo A17 (Sunlight Orange, 4GB RAM, 64GB Storage) with No Cost EMI/Additional Exchange Offers","12,499",https://www.amazon.in/Oppo-Sunlight-Storage-Additional-Exchange/dp/B0BHJBP1P6
"Samsung Galaxy M32 Prime Edition (Black, 4GB RAM, 64GB)","13,499",https://www.amazon.in/Samsung-Galaxy-Prime-Black-64GB/dp/B0BD3T6MGJ
"Tecno Spark 9 (Glacier White, 4GB RAM, 64GB Storage)| Upto 7GB Expandable RAM | 90Hz Refresh Rate | 6.6"" HD+Display | 13MP Dual Camera | 5000mAh Battery | Helio G37 Gaming Processor","7,999",https://www.amazon.in/Tecno-Spark-Storage-Expandable-Processor/dp/B0B56ZML1N
"Nokia C01 Plus 4G, 5.45” HD+ Screen, Selfie Camera with Front Flash | 32GB Storage (Blue)","5,799",https://www.amazon.in/Nokia-C01-Screen-Selfie-Storage/dp/B09VCBGWFZ
"realme narzo 50A (Oxygen Green , 4GB RAM + 128 GB Storage) Helio G85 Processor | 6000 mAh Battery","12,499",https://www.amazon.in/realme-Oxygen-Storage-Processor-Battery/dp/B09FKDB27R
"Lava Yuva 2 Pro (Glass White, 4GB RAM, 64GB Storage)| 2.3 Ghz Octa Core Helio G37| 13 MP AI Triple Camera |Fingerprint Sensor| 5000 mAh Battery| Upto 7GB Expandable RAM","7,999",https://www.amazon.in/Lava-Storage-Fingerprint-Battery-Expandable/dp/B0BVBBN1K8
"Lava A3 Power (Aqua Blue),Military Grade Certified, Jumbo Battery with 10 Days Backup, Dedicated Music Buttons, Keypad Mobile, Basic Mobile","1,299",https://www.amazon.in/Lava-Military-Certified-Battery-Dedicated/dp/B09NDR1YS3
"Redmi 10 (Pacific Blue, 6GB RAM, 128GB Storage)","11,694",https://www.amazon.in/Redmi-10-Pacific-128GB-Storage/dp/B09XR94P8Z
"Samsung Galaxy A34 5G (Awesome Graphite, 8GB, 128GB Storage) | 48 MP No Shake Cam (OIS) | IP67 | Gorilla Glass 5 | Voice Focus | Travel Adapter to be Purchased Separately",,https://www.amazon.in/Samsung-Awesome-Graphite-Purchased-Separately/dp/B0BXD5ZZQ5
"Nokia 105 Single SIM, Keypad Mobile Phone with Wireless FM Radio | Charcoal",,https://www.amazon.in/Nokia-105-Single-Wireless-Charcoal/dp/B09V2Q4QVQ
"Nokia 8210 4G Volte keypad Phone with Dual SIM, Big Display, inbuilt MP3 Player & Wireless FM Radio | Red","3,899",https://www.amazon.in/Nokia-8210-4G-Display-Wireless/dp/B0B7DHMS7S
"Nokia G21 Android Smartphone, Dual SIM, 3-Day Battery Life, 6GB RAM + 128GB Storage, 50MP Triple AI Camera | Dusk","13,499",https://www.amazon.in/Nokia-Android-Smartphone-Battery-Storage/dp/B09Y9D5365
"Redmi Note 11 Pro (Stealth Black, 8GB RAM, 128GB Storage)| 67W Turbo Charge | 120Hz Super AMOLED Display | Charger Included | Get 2 Months of YouTube Premium Free!","20,999",https://www.amazon.in/Redmi-Stealth-Storage-Display-Included/dp/B09T2WC3MS
Apple iPhone 14 Pro (128 GB) - Deep Purple,"1,19,999",https://www.amazon.in/Apple-iPhone-128GB-Deep-Purple/dp/B0BDJ6ZMCC
"Vivo Y100 5G (Twilight Gold, 8GB RAM, 128GB Storage) with No Cost EMI/Additional Exchange Offers","24,999",https://www.amazon.in/Vivo-Twilight-Storage-Additional-Exchange/dp/B07WHQQ97D
"Lava A1 (Candy Blue), Number Talker, Smart AI Battery, 4 Days Battery Backup, Military Grade Certified, Keypad Mobile","1,087",https://www.amazon.in/Lava-Notfication-recoding-Military-Certified/dp/B09F3J498L
"Nokia 105 Plus Dual SIM, Keypad Mobile Phone with Wireless FM Radio, Memory Card Slot and MP3 Player | Charcoal","1,549",https://www.amazon.in/NOKIA-105-TA-1456-DS-Charcoal/dp/B09YDF36BJ
"Samsung Galaxy M13 5G (Aqua Green, 4GB, 64GB Storage) | 5000mAh Battery | Upto 8GB RAM with RAM Plus","12,999",https://www.amazon.in/Samsung-Galaxy-Storage-5000mAh-Battery/dp/B0B4F3G74S
"Samsung Galaxy A23 Blue, 8GB RAM, 128GB Storage with No Cost EMI/Additional Exchange Offers","18,999",https://www.amazon.in/Samsung-Galaxy-Storage-Additional-Exchange/dp/B09VK34ZZR
"Tecno POP 7 Pro (Endless Black, 2GB RAM,64GB Storage) | Type C Port | 12MP Dual Camera | Up to 4GB RAM with Memory Fusion","6,799",https://www.amazon.in/Tecno-Endless-Storage-Camera-Memory/dp/B0BTLHJXXK
"Google Pixel 6a 5G (Chalk, 6GB RAM, 128GB Storage)","29,250",https://www.amazon.in/Google-Pixel-Chalk-128GB-Storage/dp/B0B3PQPNKS
"Redmi 10 (Midnight Black, 6GB RAM, 128GB Storage)","11,492",https://www.amazon.in/Redmi-10-Midnight-Black-Storage/dp/B09XRBH74L
"Nokia 8210 4G Volte keypad Phone with Dual SIM, Big Display, inbuilt MP3 Player & Wireless FM Radio | Sand","3,899",https://www.amazon.in/Nokia-8210-4G-Display-Wireless/dp/B0B7DHSSTM
"Samsung Galaxy A14 5G (Black, 6GB, 128GB Storage) | Triple Rear Camera (50 MP Main) | Upto 12 GB RAM with RAM Plus | Travel Adapter to be Purchased Separately","18,999",https://www.amazon.in/Samsung-Storage-Adapter-Purchased-Separately/dp/B0BS17PKHQ
Nokia 105 Dual SIM (Black),"1,620",https://www.amazon.in/NOKIA-105-2019-Dual-Black/dp/B07WXW8V4X
"realme narzo 50A Prime (Flash Black, 4GB RAM+128GB Storage) FHD+ Display | 50MP AI Triple Camera (No Charger Variant)","12,499",https://www.amazon.in/realme-Storage-Display-Charger-Variant/dp/B09WYXDNWW
Apple iPhone 14 Pro Max (128 GB) - Space Black,"1,27,999",https://www.amazon.in/Apple-iPhone-128GB-Space-Black/dp/B0BDJ22G36
"Samsung Galaxy S23 Ultra 5G (Green, 12GB, 256GB Storage)","1,24,999",https://www.amazon.in/Samsung-Galaxy-Ultra-Green-Storage/dp/B0BT9CXXXX
"Tecno Spark 8T (Turquoise Cyan, 4GB RAM,64GB Storage) | 50MP AI Camera | 7GB Expandable RAM","8,299",https://www.amazon.in/Tecno-Spark-8T-Expandable-64GB/dp/B09MKP344P
"Motorola a50 (Dark Blue) - Dual Sim Keypad Mobile with Expandable Memory Upto 32GB, Rear Camera, 1750 mAh Big Battery, 6 Indian Languages Input Support","1,549",https://www.amazon.in/Motorola-keypad-Mobile-Expandable-Battery/dp/B09JRNH7LH
"Redmi 11 Prime (Playful Green, 6BG RAM 128GB ROM) | Prime Design | High Performance Helio G99 | 50 MP AI Triple Cam | 5000 mAh | 22.5W","13,499",https://www.amazon.in/Redmi-Playful-Design-Performance-Triple/dp/B0BBGWXNPX
Apple iPhone 14 Pro (128 GB) - Space Black,"1,19,999",https://www.amazon.in/Apple-iPhone-128GB-Space-Black/dp/B0BDJ7P6NG
"Oppo A17 (Midnight Black, 4GB RAM, 64GB Storage) with No Cost EMI/Additional Exchange Offers","12,499",https://www.amazon.in/Oppo-Midnight-Storage-Additional-Exchange/dp/B0BHJ7T49J
"Vivo Y16 (Stellar Black, 3GB RAM, 64GB Storage) with No Cost EMI/Additional Exchange Offers","10,499",https://www.amazon.in/Vivo-Stellar-Storage-Additional-Exchange/dp/B07WHRXQPP
"Google Pixel 6a 5G (Sage, 128 GB) (6 GB RAM)","29,390",https://www.amazon.in/Google-Pixel-Sage-128-RAM/dp/B0B4DMCF5W
"realme C55 (Sunshower 6GB RAM, 64GB Storage)","12,785",https://www.amazon.in/realme-C55-Sunshower-64GB-Storage/dp/B0BZDSGDC1
"realme narzo 50 5G (Hyper Blue, 4GB RAM+128GB Storage) Dimensity 810 5G Processor | 48MP Ultra HD Camera","16,999",https://www.amazon.in/realme-Storage-Dimensity-Processor-Camera/dp/B09ZBDZXNQ
"Realme 10 (Clash White, 8GB Ram) (128 GB Storage)","17,500",https://www.amazon.in/Realme-Clash-White-8GB-Storage/dp/B0BSCFX6QW
"Nokia C01 Plus 4G, 5.45” HD+ Screen, Selfie Camera with Front Flash | 32GB Storage (Grey)","5,799",https://www.amazon.in/Nokia-C01-Plus-Screen-Storage/dp/B09VC9SHHH
Micromax X818 Blue,"1,499",https://www.amazon.in/Micromax-X818-Blue/dp/B09GLSCK7R
"Tecno Pop 5 LTE (Deepsea Luster, 2GB RAM,32GB Storage) | Front Flash | 8MP Dual Camera","6,099",https://www.amazon.in/Tecno-Deepsea-Luster-5000mAh-Resistant/dp/B09PRDQN1C
"(Renewed) Nokia 105 Single SIM, Keypad Mobile Phone with Wireless FM Radio | Charcoal","1,190",https://www.amazon.in/Renewed-Nokia-Single-Wireless-Charcoal/dp/B0BWTNX8Z6
"Nokia G11 Android 12 Smartphone, Dual SIM, 3-Day Battery Life, 4GB RAM + 64GB Storage, 50MP Dual AI Camera | Charcoal Grey","9,499",https://www.amazon.in/Nokia-Android-Smartphone-Battery-Charcoal/dp/B0BGXG4B8S
"Nokia 5710 XpressAudio keypad Phone, with inbuilt Wireless Earbuds, MP3 Player, Wireless FM Radio, Dedicated Music Buttons, and Bigger Battery | Black","4,999",https://www.amazon.in/Nokia-5710-XpressAudio-Wireless-Dedicated/dp/B0BD7R8NXC
"Redmi Note 10 (Aqua Green, 4GB RAM, 64GB Storage)","14,999",https://www.amazon.in/Test-Exclusive_2020_1140-Multi-3GB-Storage/dp/B089MT36T8
NOKIA 125 DS,"2,099",https://www.amazon.in/Nokia-125-NOKIA-DS/dp/B08JD11FQ4
"Redmi 11 Prime (Flashy Black, 4GB RAM, 64GB Storage) | Prime Design | High Performance Helio G99 | 50 MP AI Triple Cam | 5000 mAh | 22.5W","11,499",https://www.amazon.in/Redmi-Flashy-Storage-Design-Performance/dp/B0BBH1X5K4
Nokia 110 Dual SIM (Black),"1,774",https://www.amazon.in/Nokia-110-Dual-SIM-Black/dp/B07ZG5DQHV
"iQOO Neo 6 5G (Cyber Rage, 12GB RAM,256GB Storage) | Only Snapdragon 870 in The Segment | 50% Charge in Just 12 Mins | 90 FPS Gaming Support*","28,999",https://www.amazon.in/iQOO-Cyber-Storage-Snapdragon%C2%AE-FlashCharge/dp/B07WDKM1D2
IKALL K100 Keypad Mobile (Black),699,https://www.amazon.in/IKALL-K100-Mobile-Inch-Black/dp/B0BB7N9J28
"Vivo Y35 (Dawn Gold, 8GB RAM, 128GB Storage) with No Cost EMI/Additional Exchange Offers","17,499",https://www.amazon.in/Vivo-Storage-Additional-Exchange-Offers/dp/B07WHSQDKX
Samsung Galaxy S21 FE 8GB 128GB (Graphite),"36,490",https://www.amazon.in/Samsung-Galaxy-S21-128GB-Graphite/dp/B0C1ZJG98Z
"Redmi K50i 5G (Quick Silver, 8GB RAM, 256GB Storage) | Flagship Mediatek Dimensity 8100 Processor | 144Hz Liquid FFS Display","26,999",https://www.amazon.in/Redmi-Flagship-Mediatek-Dimensity-Processor/dp/B0B4DWFY1R
"Nokia C01 Plus 4G, 5.45” HD+ Screen, Selfie Camera with Front Flash (Grey)","5,299",https://www.amazon.in/Nokia-Screen-Selfie-Camera-Front/dp/B09FLZZMDT
"Samsung Galaxy A23 5G, Light Blue (8GB, 128GB Storage) with Offer","24,999",https://www.amazon.in/Samsung-Galaxy-Light-128GB-Storage/dp/B0BS18YNRJ
"OnePlus 10T 5G (Moonstone Black, 12GB RAM, 256GB Storage)","54,998",https://www.amazon.in/OnePlus-Moonstone-Black-256GB-Storage/dp/B0B5V2KDNZ
"Redmi 11 Prime (Peppy Purple, 4GB RAM 64GB ROM) | Prime Design | High Performance Helio G99 | 50 MP AI Triple Cam | 5000 mAh | 22.5W","11,499",https://www.amazon.in/Redmi-Purple-Design-Performance-Triple/dp/B0BBH4C5KT
